comment_text,comment_user,facebook_url,page_name,post_date
"¬øDejaron que los bomberos entren a ayudar a salvar las vidas de esos chicos o no? Ojo, McDonald's que eso si es grave de verdad. Y... dos d√≠as de duelo... pfff... por favor... si Domino's Pizza cerr√≥ sus operaciones solo por una cucaracha, ¬øc√≥mo deber√≠a ser la cosa con ustedes?",/jorge.l.chavez.148,https://www.facebook.com/McDonaldsPeru/photos/a.173819762664531/2699829520063530/?type=3,McDonaldsPeru,2019-12-16
"As√≠ es Diego, ¬°ve por el tuyo!",/McDonaldsPeru/,https://www.facebook.com/McDonaldsPeru/photos/a.342017715844734/2768756086504206/?type=3,McDonaldsPeru,2020-01-16
‚Ä¶,#,https://www.facebook.com/McDonaldsPeru/photos/a.173819762664531/2699829520063530/?type=3,McDonaldsPeru,2019-12-16
(Y),/diego.romerogarcia.9887,https://www.facebook.com/McDonaldsPeru/photos/a.342017715844734/2768756086504206/?type=3,McDonaldsPeru,2020-01-16
üòë,/danny.hidalgoasencios,https://www.facebook.com/McDonaldsPeru/photos/a.173819762664531/2699829520063530/?type=3,McDonaldsPeru,2019-12-16
¬øCu√°ndo sacan lo de pokemon?,/PedroGomez08,https://www.facebook.com/McDonaldsPeru/photos/a.342017715844734/2768756086504206/?type=3,McDonaldsPeru,2020-01-16
‚Ä¶,/SoyRosalindaYTuNo,https://www.facebook.com/McDonaldsPeru/photos/a.173819762664531/2699829520063530/?type=3,McDonaldsPeru,2019-12-16
Aprovecha esos dos dias para levantar todas las faltas a la ley de seguridad y salud en el trabajo y para que identifiquen los IPERC de cada restaurante.,/lilian.landeocaipo,https://www.facebook.com/McDonaldsPeru/photos/a.173819762664531/2699829520063530/?type=3,McDonaldsPeru,2019-12-16
Ya esta pokemon en la cajita feliz? X2,not defined,https://www.facebook.com/McDonaldsPeru/photos/a.342017715844734/2768756086504206/?type=3,McDonaldsPeru,2020-01-16
Pero en al television salieron los familiares diciendo q no sabian q habia pasado con sus hija y q la empresa no les da razon de que paso,not defined,https://www.facebook.com/McDonaldsPeru/photos/a.173819762664531/2699829520063530/?type=3,McDonaldsPeru,2019-12-16
"Igual, nadie iba a ir a un lugar manchado de sangre inocente. Y si en verdad est√°n afectados, indemnicen a los deudos de manera ejemplar (el dinero no alivia el dolor pero es lo m√≠nimo que pueden hacer).",not defined,https://www.facebook.com/McDonaldsPeru/photos/a.173819762664531/2699829520063530/?type=3,McDonaldsPeru,2019-12-16
Dos d√≠as para tapar las falencias seguramente.,not defined,https://www.facebook.com/McDonaldsPeru/photos/a.173819762664531/2699829520063530/?type=3,McDonaldsPeru,2019-12-16
"Qu√© chistosos son. Los bomberos ya declararon que no dejaron que ingresen; adem√°s que fueron los vecinos quienes llamaron, no ustedes. Adem√°s, el hecho ocurri√≥ a las 4 am y reci√©n avisaron a las 10 am. Los chicos trabajaban en condiciones infrahumanas, horas extras no remuneradas y con jefes que poco o nada hac√≠an por ellos. Felizmente que nunca me ha gustado su hamburguesa, as√≠ no extra√±ar√© no ir a esos locales.",not defined,https://www.facebook.com/McDonaldsPeru/photos/a.173819762664531/2699829520063530/?type=3,McDonaldsPeru,2019-12-16
"Como una cocina el√©ctrica con un adecuado pozo a tierra, llave diferencial, aislamiento y miles de etc puede matar a alguien? Como pasaron Indeci? Cual es su plan de mantenimiento? Cual es su Capex anual en sistemas cr√≠ticos? Son una verg√ºenza para la gente que trabaja en retail.",not defined,https://www.facebook.com/McDonaldsPeru/photos/a.173819762664531/2699829520063530/?type=3,McDonaldsPeru,2019-12-16
"no se abusa de los trabajadores horarios justos y remunerados con todo de ley pobres familias que han perdido a sus hijos en que condiciones trabajan cables da√±ados, rotos  sin usar ningun tipo de indumentaria adecuada porque ¬°¬°¬°¬°siendo una cadena tan grande ojala y se exclaresca este caso de una vez",not defined,https://www.facebook.com/McDonaldsPeru/photos/a.173819762664531/2699829520063530/?type=3,McDonaldsPeru,2019-12-16
üò†,not defined,https://www.facebook.com/McDonaldsPeru/photos/a.173819762664531/2699829520063530/?type=3,McDonaldsPeru,2019-12-16
No es normal que vayas a trabajar y mueras electrocutado por realizar tu labor.,/mcfc.21,https://www.facebook.com/McDonaldsPeru/photos/a.173819762664531/2699829520063530/?type=3,McDonaldsPeru,2019-12-16
‚Ä¶,#,https://www.facebook.com/McDonaldsPeru/photos/a.173819762664531/2699829520063530/?type=3,McDonaldsPeru,2019-12-16
"¬øQu√© clase de estrategia de marketing es aquella que iguala la vida de un joven a la de UN D√çA de un restaurante inoperativo? Tienen que ser inhumanos para creer que con un documento, un ‚Äúcomunicado‚Äù, en verdad se empatiza con la gente y el p√∫blico. P√©simo.",/valeria.aguilarperales,https://www.facebook.com/McDonaldsPeru/photos/a.173819762664531/2699829520063530/?type=3,McDonaldsPeru,2019-12-16
‚ù§Ô∏è,not defined,https://www.facebook.com/McDonaldsPeru/photos/a.342017715844734/2768756086504206/?type=3,McDonaldsPeru,2020-01-16
Mcdonalds la central debe retirar la franquicia y cerrar en todo el peru tal como lo hizo Domino's cuando encontraron cucarachas en sus locales algo m√°s √≠nfimo a comparaci√≥n de esta tragedia,not defined,https://www.facebook.com/McDonaldsPeru/photos/a.173819762664531/2699829520063530/?type=3,McDonaldsPeru,2019-12-16
Ernesto Guardia miraaaaaaa,not defined,https://www.facebook.com/McDonaldsPeru/photos/a.342017715844734/2768756086504206/?type=3,McDonaldsPeru,2020-01-16
üíñ,/ivonne.tadeotejada,https://www.facebook.com/McDonaldsPeru/photos/a.342017715844734/2768756086504206/?type=3,McDonaldsPeru,2020-01-16
:P,not defined,https://www.facebook.com/McDonaldsPeru/photos/a.342017715844734/2768756086504206/?type=3,McDonaldsPeru,2020-01-16
‚Ä¶,#,https://www.facebook.com/McDonaldsPeru/photos/a.173819762664531/2699829520063530/?type=3,McDonaldsPeru,2019-12-16
Giank V Reynoso te acostumbraste,/acantocartagena,https://www.facebook.com/McDonaldsPeru/photos/a.173819762664531/2699829520063530/?type=3,McDonaldsPeru,2019-12-16
Adem√°s el abogado ha dicho que no han tenido las ganas de colaborar menos brindar informaci√≥n a la familia.,not defined,https://www.facebook.com/McDonaldsPeru/photos/a.173819762664531/2699829520063530/?type=3,McDonaldsPeru,2019-12-16
‚Ä¶,/jair.ruizarellano,https://www.facebook.com/McDonaldsPeru/photos/a.173819762664531/2699829520063530/?type=3,McDonaldsPeru,2019-12-16
Estoy interesado por los tabs de pokemon cuando llegan?,not defined,https://www.facebook.com/McDonaldsPeru/photos/a.342017715844734/2768756086504206/?type=3,McDonaldsPeru,2020-01-16
Vale hoy??,/cesaraugusto.castillochavez,https://www.facebook.com/McDonaldsPeru/photos/a.342017715844734/2768756086504206/?type=3,McDonaldsPeru,2020-01-16
"2 d√≠as, tiempo suficiente para que revisen minuciosamente cada uno de sus locales porque saben que ahora van a ir a verificar que cumplan con todas las medidas de seguridad, es lamentable que reci√©n, despu√©s de una desgracia se preocupen de evaluar sus instalaciones. Danni Castillo Cosio",/gianina.boggiano,https://www.facebook.com/McDonaldsPeru/photos/a.173819762664531/2699829520063530/?type=3,McDonaldsPeru,2019-12-16
Ya esta pokemon en la cajita feliz?,not defined,https://www.facebook.com/McDonaldsPeru/photos/a.342017715844734/2768756086504206/?type=3,McDonaldsPeru,2020-01-16
"Esos 2 d√≠as no ser√°n de duelo, ser√°n para revisar todos sus restaurantes... Para que en un futuro pr√≥ximo no haya tragedias ... No nos enga√±en, no creo en su noble coraz√≥n a estas alturas. Ahora lamentamos toda esta noticia. Perder a un hijo en v√≠speras de Navidad... No se lo deseo a nadie. No hay consuelo para estas dos familias. Todo porque en su momento ustedes no tomaron las medidas de prevenci√≥n.",not defined,https://www.facebook.com/McDonaldsPeru/photos/a.173819762664531/2699829520063530/?type=3,McDonaldsPeru,2019-12-16
Katherine Wong te gusta eso,not defined,https://www.facebook.com/McDonaldsPeru/photos/a.342017715844734/2768756086504206/?type=3,McDonaldsPeru,2020-01-16
Traducci√≥n = revisaremos nuestros locales antes que nos fiscalizen y encuentren algo.,not defined,https://www.facebook.com/McDonaldsPeru/photos/a.173819762664531/2699829520063530/?type=3,McDonaldsPeru,2019-12-16
"Naaadaa eso de las charlas, por m√°s que la empresa lo niegue, dudo que hayan recibido esa charla. Sucede en muchos locales de comida, la capacitaci√≥n es ""hacer lo que tu compa√±ero hace"".",/jeanpiere.ipanaquelavado,https://www.facebook.com/McDonaldsPeru/photos/a.173819762664531/2699829520063530/?type=3,McDonaldsPeru,2019-12-16
Como todos los negocios fast food explotadores... Por qu√© no explican los motivos que tuvieron para no dejar entrar A los bomberos EN SU MOMENTO? Tratan de ocultar alguna responsabilidad ?,not defined,https://www.facebook.com/McDonaldsPeru/photos/a.173819762664531/2699829520063530/?type=3,McDonaldsPeru,2019-12-16
Claro ..... 2 d√≠as para revisar que todos sus locales est√©n presentables para la inspecci√≥n que les viene ..... que desastre!,not defined,https://www.facebook.com/McDonaldsPeru/photos/a.173819762664531/2699829520063530/?type=3,McDonaldsPeru,2019-12-16
"Y deben ir prepar√°ndose para dar la indemnizaci√≥n que se merecen sus familiares, espero que ellos se consigan buenos abogados que los dejen pobres, no reparar√°n el da√±o, ni el dolor pero al menos les causar√° molestias y sobre todo perdida de lo que tanto adoran ""el dinero""!!!",not defined,https://www.facebook.com/McDonaldsPeru/photos/a.173819762664531/2699829520063530/?type=3,McDonaldsPeru,2019-12-16
El patriarcado es un juez... Que los juzga por nacer...,not defined,https://www.facebook.com/McDonaldsPeru/photos/a.173819762664531/2688624531184029/?type=3,McDonaldsPeru,2019-12-11
"Para que aprovechen en arreglar sus cableados, bien pensado",not defined,https://www.facebook.com/McDonaldsPeru/photos/a.173819762664531/2699829520063530/?type=3,McDonaldsPeru,2019-12-16
"Dos dias de duelo dice... ja'!!! En esos dos dias se van a encargar de revisar todas sus instalaciones, para eso quieren sus 2 dias!!!",/stefaniedaniela.reyesaguilar,https://www.facebook.com/McDonaldsPeru/photos/a.173819762664531/2699829520063530/?type=3,McDonaldsPeru,2019-12-16
;),/McDonaldsPeru/,https://www.facebook.com/McDonaldsPeru/photos/a.342017715844734/2768756086504206/?type=3,McDonaldsPeru,2020-01-16
Hambre De Poder,/xthian.peralta,https://www.facebook.com/McDonaldsPeru/photos/a.342017715844734/2768756086504206/?type=3,McDonaldsPeru,2020-01-16
‚Ä¶,/acantocartagena,https://www.facebook.com/McDonaldsPeru/photos/a.173819762664531/2699829520063530/?type=3,McDonaldsPeru,2019-12-16
"Ese ""terrible hecho"" lo hubieran evitado si le brindaban a sus ""colaboradores"" las medidas de seguridad OBLIGATORIA que necesitaban. Hoy se lamentan pero ma√±ana siguen haciendo sus convocatoria para continuar explotando a miles de j√≥venes.",not defined,https://www.facebook.com/McDonaldsPeru/photos/a.173819762664531/2699829520063530/?type=3,McDonaldsPeru,2019-12-16
y si ellos mismos causaron su negligencia?,/f.a.beltran.98,https://www.facebook.com/McDonaldsPeru/photos/a.173819762664531/2699829520063530/?type=3,McDonaldsPeru,2019-12-16
"Una franquicia tan importante tiene que velar  por sus colaboradores, es inaceptable este tipo de sucesos que deja a 2 p√©rdidas humanas.",/people/Alberto-Junior-Lazarte/518089227,https://www.facebook.com/McDonaldsPeru/photos/a.173819762664531/2699829520063530/?type=3,McDonaldsPeru,2019-12-16
"Los colaboradores de Mc san miguel ya se estaban quejando del mal estado de la m√°quina hace como 2 meses atr√°s y la empresa nunca hizo nada al respecto, nunca cambi√≥ la m√°quina ni la mand√≥ a revisar. Ahora pas√≥ lo peor y se perdieron dos vidas. 2 d√≠as de luto no soluciona la p√©rdida de las familias y tampoco el dinero, que probablemente ser√° una miseria.",not defined,https://www.facebook.com/McDonaldsPeru/photos/a.173819762664531/2699829520063530/?type=3,McDonaldsPeru,2019-12-16
;),/McDonaldsPeru/,https://www.facebook.com/McDonaldsPeru/photos/a.342017715844734/2768756086504206/?type=3,McDonaldsPeru,2020-01-16
Freya Cirilo mira,/alonso.caceresmedina,https://www.facebook.com/McDonaldsPeru/photos/a.173819762664531/2688624531184029/?type=3,McDonaldsPeru,2019-12-11
"Ojal√† y sancionen tremenda negligencia, que lamentable no hay consuelo para esas familias, cu√†ntos jovenes trabajan ah√¨ por necesidad y lo m√¨nimo que deber√¨an garantizar es su seguridad.",not defined,https://www.facebook.com/McDonaldsPeru/photos/a.173819762664531/2699829520063530/?type=3,McDonaldsPeru,2019-12-16
"En una de las pizzas de Domin√≥s Pizza se  encontr√≥ una cucaracha en y cerr√≥ todos sus locales en Per√∫ para una profunda reforma, en  McDonald's mueren dos trabajadores por presunta falta de condiciones laborables seguras y dignas, y s√≥lo cerraran por d√≠as d√≠as, esto es un insulto para todos los derechos humanos.",not defined,https://www.facebook.com/McDonaldsPeru/photos/a.173819762664531/2699829520063530/?type=3,McDonaldsPeru,2019-12-16
Mac Donald‚Äôs de IZAGUIRRE 10:30 pm ya no hay hamburguesa. Por las puras gasto mi tiempo en ir a uno de sus locales,/leonardiito.ppecho,https://www.facebook.com/McDonaldsPeru/photos/a.342017715844734/2768756086504206/?type=3,McDonaldsPeru,2020-01-16
Esos dos d√≠as no es de duelo sino que van a  revisar sus instalaciones porque ahora les van a ir a inspecci√≥nar sus local y ver si est√°n apto para ser funcionando,not defined,https://www.facebook.com/McDonaldsPeru/photos/a.173819762664531/2699829520063530/?type=3,McDonaldsPeru,2019-12-16
üòû,/RossCheko,https://www.facebook.com/McDonaldsPeru/photos/a.173819762664531/2699829520063530/?type=3,McDonaldsPeru,2019-12-16
‚Ä¶,/people/Guliana-Yajaira-P%C3%A9rez-Uriarte/100008412555237,https://www.facebook.com/McDonaldsPeru/photos/a.173819762664531/2699829520063530/?type=3,McDonaldsPeru,2019-12-16
‚Ä¶,/mireavis,https://www.facebook.com/McDonaldsPeru/photos/a.173819762664531/2699829520063530/?type=3,McDonaldsPeru,2019-12-16
"""sin afectar las condiciones remunerativas"", pero si vulneraron las condiciones laborales seguras de esos dos j√≥venes.",not defined,https://www.facebook.com/McDonaldsPeru/photos/a.173819762664531/2699829520063530/?type=3,McDonaldsPeru,2019-12-16
"Si por mi fuera, nunca volver√≠an a abrir. Se debe hacer una investigaci√≥n profunda de las condiciones laborales y del estado de sus equipos en todas las sedes. Esto es un terrible caso de explotaci√≥n y negligencia que no debe quedar impune.",not defined,https://www.facebook.com/McDonaldsPeru/photos/a.173819762664531/2699829520063530/?type=3,McDonaldsPeru,2019-12-16
NuncaMasMcDonalds,https://www.facebook.com/hashtag/nuncamasmcdonalds?hc_location=ufi,https://www.facebook.com/McDonaldsPeru/photos/a.173819762664531/2699829520063530/?type=3,McDonaldsPeru,2019-12-16
"Tocar la mano de la persona que se est√° electrocutando para salvarla es morir junto a esa persona, lo mejor ser√≠a bajar la palanca general de energ√≠a, me imagino que ambos recibieron charlas de inducci√≥n en caso de accidentes.",not defined,https://www.facebook.com/McDonaldsPeru/photos/a.173819762664531/2699829520063530/?type=3,McDonaldsPeru,2019-12-16
Me acuerdo que cerraron toda la cadena de dominios pizza cuando encontraron una cucaracha en un local. En este caso ¬øqu√© corresponder√≠a?,not defined,https://www.facebook.com/McDonaldsPeru/photos/a.173819762664531/2699829520063530/?type=3,McDonaldsPeru,2019-12-16
Esos 2 d√≠as suenaaaaa muuuuuy conveniente no ? Acaso buscar√°n la forma de arreglar sus precarias condiciones laborales ??,not defined,https://www.facebook.com/McDonaldsPeru/photos/a.173819762664531/2699829520063530/?type=3,McDonaldsPeru,2019-12-16
Cuando sale la promo de pokemon en la cajita feliz?,not defined,https://www.facebook.com/McDonaldsPeru/photos/a.342017715844734/2768756086504206/?type=3,McDonaldsPeru,2020-01-16
https://elpais.com/.../12/18/america/1576627016_774946.html,https://l.facebook.com/l.php?u=https%3A%2F%2Felpais.com%2Finternacional%2F2019%2F12%2F18%2Famerica%2F1576627016_774946.html&h=AT3ImdAtktivfli-GKSI-wNbJTqgptI8cl476Y3c2St33y-L3zqKfubZ_FVNqUjKI-MeHljpngi_kZK6YNe7dfSrQuC0wQU3Saldf00CuHpiPDLG0m5pAEpZYLU1i-El1P2OtE4YlF2mGIij_2KQ5qYYKA,https://www.facebook.com/McDonaldsPeru/photos/a.342017715844734/2768756086504206/?type=3,McDonaldsPeru,2020-01-16
https://peru21.pe/.../mcdonalds-perito-de-la-divincri.../,https://l.facebook.com/l.php?u=https%3A%2F%2Fperu21.pe%2Flima%2Fmcdonalds-perito-de-la-divincri-asegura-que-maquina-que-causo-la-muerte-a-dos-trabajadores-de-mcdonalds-era-una-bomba-de-tiempo-noticia%2F&h=AT3bEBIv8dSBkr5c_Dmt7nytLkYhOCsNtD1W6Chz0G5IdAxSUmskKU2LWPheaf7SjTPLyPQZqBRbBIJKzPm8M4dGOw_A1gBdYQFbliKSizMYJa80-3EpeJ0te6-K6MjMbLINdvYpNqjzuo8CG7iCbsR3iQ,https://www.facebook.com/McDonaldsPeru/photos/a.342017715844734/2768756086504206/?type=3,McDonaldsPeru,2020-01-16
E X P L O T A D O R E S,/quihuaparca,https://www.facebook.com/McDonaldsPeru/photos/a.342017715844734/2768756086504206/?type=3,McDonaldsPeru,2020-01-16
"Deber√≠an asumir p√∫blicamente la total responsabilidad de estas dos muertes . ¬øY por qu√© no dejaron entrar a los fiscales para las averiguaciones? ¬øPor qu√© mandaron a casa a sus ""colaboradores"" dici√©ndoles que no comenten nada de lo que hab√≠a pasado y que, si lo hac√≠an, dijeran que fue por una ""fuga de gas""?",/olguita1126,https://www.facebook.com/McDonaldsPeru/photos/a.173819762664531/2699829520063530/?type=3,McDonaldsPeru,2019-12-16
‚òπÔ∏è,/luistakeshi.shimota,https://www.facebook.com/McDonaldsPeru/photos/a.342017715844734/2768756086504206/?type=3,McDonaldsPeru,2020-01-16
;),/McDonaldsPeru/,https://www.facebook.com/McDonaldsPeru/photos/a.342017715844734/2768756086504206/?type=3,McDonaldsPeru,2020-01-16
Incre√≠ble un choque el√©ctrico solo pasa cuando no hay pozo a tierra y llaves diferenciales originales en buen estado. C√≥mo habr√° pasado indeci si son requisitos indispensables. Y c√≥mo el inspector municipal los habr√° aprobado . Hasta al local m√°s peque√±ito se le exigen estas cosas.,not defined,https://www.facebook.com/McDonaldsPeru/photos/a.173819762664531/2699829520063530/?type=3,McDonaldsPeru,2019-12-16
FUERAMCDONALDS,https://www.facebook.com/hashtag/fueramcdonalds?hc_location=ufi,https://www.facebook.com/McDonaldsPeru/photos/a.173819762664531/2699829520063530/?type=3,McDonaldsPeru,2019-12-16
¬øY eso de qu√© sirve? Pasa los dos d√≠as y est√°n como nuevos?....,/karU.valdivia1,https://www.facebook.com/McDonaldsPeru/photos/a.173819762664531/2699829520063530/?type=3,McDonaldsPeru,2019-12-16
"Girardin Soto me refiero a la mentira que les mandaron a decir a sus trabajadores a cualquiera que les pregunte al respecto, y me refiero tambi√©n a la obstrucci√≥n de la investigaci√≥n, ambos actos contrarios a lo publicado en este comunicado. Hay que leer con m√°s criterio.",/olguita1126,https://www.facebook.com/McDonaldsPeru/photos/a.173819762664531/2699829520063530/?type=3,McDonaldsPeru,2019-12-16
Compartimos dicen...no dejaron entrar a nadie cuando vino fiscalizaci√≥n e informaron tarde sobre la muerte de los chicos. ¬°P√©simo! ¬°Mcdonalds nunca m√°s!,not defined,https://www.facebook.com/McDonaldsPeru/photos/a.173819762664531/2699829520063530/?type=3,McDonaldsPeru,2019-12-16
‚Ä¶,/valmraffo,https://www.facebook.com/McDonaldsPeru/photos/a.173819762664531/2699829520063530/?type=3,McDonaldsPeru,2019-12-16
‚Ä¶,#,https://www.facebook.com/McDonaldsPeru/photos/a.173819762664531/2699829520063530/?type=3,McDonaldsPeru,2019-12-16
